Review,Category
Review number 1,Food
Review number 2,Food
Review number 3,Clothing
Review number 4,Clothing
Review number 5,Clothing
Review number 6,Clothing
Review number 7,Food
Review number 8,Electronics
Review number 9,Food
Review number 10,Electronics
Review number 11,Electronics
Review number 12,Food
Review number 13,Food
Review number 14,Electronics
Review number 15,Food
Review number 16,Food
Review number 17,Electronics
Review number 18,Food
Review number 19,Food
Review number 20,Electronics
Review number 21,Food
Review number 22,Clothing
Review number 23,Electronics
Review number 24,Food
Review number 25,Clothing
Review number 26,Food
Review number 27,Food
Review number 28,Food
Review number 29,Clothing
Review number 30,Electronics
Review number 31,Electronics
Review number 32,Food
Review number 33,Food
Review number 34,Electronics
Review number 35,Electronics
Review number 36,Clothing
Review number 37,Clothing
Review number 38,Food
Review number 39,Food
Review number 40,Electronics
Review number 41,Electronics
Review number 42,Electronics
Review number 43,Food
Review number 44,Electronics
Review number 45,Food
Review number 46,Food
Review number 47,Electronics
Review number 48,Electronics
Review number 49,Electronics
Review number 50,Electronics
Review number 51,Clothing
Review number 52,Clothing
Review number 53,Food
Review number 54,Food
Review number 55,Electronics
Review number 56,Clothing
Review number 57,Electronics
Review number 58,Clothing
Review number 59,Food
Review number 60,Clothing
Review number 61,Clothing
Review number 62,Clothing
Review number 63,Electronics
Review number 64,Electronics
Review number 65,Electronics
Review number 66,Electronics
Review number 67,Clothing
Review number 68,Food
Review number 69,Electronics
Review number 70,Electronics
Review number 71,Food
Review number 72,Food
Review number 73,Clothing
Review number 74,Electronics
Review number 75,Clothing
Review number 76,Clothing
Review number 77,Food
Review number 78,Clothing
Review number 79,Food
Review number 80,Food
Review number 81,Electronics
Review number 82,Clothing
Review number 83,Clothing
Review number 84,Clothing
Review number 85,Food
Review number 86,Clothing
Review number 87,Clothing
Review number 88,Food
Review number 89,Food
Review number 90,Clothing
Review number 91,Food
Review number 92,Food
Review number 93,Food
Review number 94,Electronics
Review number 95,Electronics
Review number 96,Food
Review number 97,Electronics
Review number 98,Food
Review number 99,Clothing
Review number 100,Clothing
Review number 101,Food
Review number 102,Electronics
Review number 103,Clothing
Review number 104,Food
Review number 105,Electronics
Review number 106,Clothing
Review number 107,Clothing
Review number 108,Food
Review number 109,Clothing
Review number 110,Electronics
Review number 111,Food
Review number 112,Electronics
Review number 113,Electronics
Review number 114,Clothing
Review number 115,Electronics
Review number 116,Clothing
Review number 117,Clothing
Review number 118,Clothing
Review number 119,Food
Review number 120,Food
Review number 121,Food
Review number 122,Electronics
Review number 123,Clothing
Review number 124,Clothing
Review number 125,Food
Review number 126,Food
Review number 127,Food
Review number 128,Electronics
Review number 129,Clothing
Review number 130,Electronics
Review number 131,Electronics
Review number 132,Food
Review number 133,Clothing
Review number 134,Electronics
Review number 135,Clothing
Review number 136,Electronics
Review number 137,Clothing
Review number 138,Clothing
Review number 139,Food
Review number 140,Electronics
Review number 141,Food
Review number 142,Electronics
Review number 143,Electronics
Review number 144,Clothing
Review number 145,Electronics
Review number 146,Clothing
Review number 147,Food
Review number 148,Food
Review number 149,Electronics
Review number 150,Food
Review number 151,Clothing
Review number 152,Food
Review number 153,Food
Review number 154,Electronics
Review number 155,Clothing
Review number 156,Clothing
Review number 157,Electronics
Review number 158,Food
Review number 159,Food
Review number 160,Electronics
Review number 161,Electronics
Review number 162,Clothing
Review number 163,Food
Review number 164,Electronics
Review number 165,Food
Review number 166,Food
Review number 167,Clothing
Review number 168,Clothing
Review number 169,Clothing
Review number 170,Clothing
Review number 171,Clothing
Review number 172,Clothing
Review number 173,Food
Review number 174,Electronics
Review number 175,Food
Review number 176,Electronics
Review number 177,Food
Review number 178,Food
Review number 179,Food
Review number 180,Electronics
Review number 181,Electronics
Review number 182,Electronics
Review number 183,Electronics
Review number 184,Food
Review number 185,Electronics
Review number 186,Electronics
Review number 187,Food
Review number 188,Food
Review number 189,Food
Review number 190,Electronics
Review number 191,Food
Review number 192,Food
Review number 193,Electronics
Review number 194,Electronics
Review number 195,Food
Review number 196,Electronics
Review number 197,Food
Review number 198,Clothing
Review number 199,Electronics
Review number 200,Food
Review number 201,Electronics
Review number 202,Electronics
Review number 203,Food
Review number 204,Electronics
Review number 205,Electronics
Review number 206,Electronics
Review number 207,Electronics
Review number 208,Electronics
Review number 209,Electronics
Review number 210,Clothing
Review number 211,Electronics
Review number 212,Electronics
Review number 213,Electronics
Review number 214,Clothing
Review number 215,Clothing
Review number 216,Electronics
Review number 217,Food
Review number 218,Food
Review number 219,Food
Review number 220,Electronics
Review number 221,Clothing
Review number 222,Food
Review number 223,Food
Review number 224,Electronics
Review number 225,Electronics
Review number 226,Food
Review number 227,Food
Review number 228,Electronics
Review number 229,Electronics
Review number 230,Clothing
Review number 231,Clothing
Review number 232,Electronics
Review number 233,Clothing
Review number 234,Electronics
Review number 235,Food
Review number 236,Clothing
Review number 237,Food
Review number 238,Electronics
Review number 239,Food
Review number 240,Food
Review number 241,Electronics
Review number 242,Food
Review number 243,Food
Review number 244,Food
Review number 245,Food
Review number 246,Food
Review number 247,Clothing
Review number 248,Food
Review number 249,Clothing
Review number 250,Food
Review number 251,Food
Review number 252,Food
Review number 253,Food
Review number 254,Electronics
Review number 255,Clothing
Review number 256,Food
Review number 257,Food
Review number 258,Clothing
Review number 259,Electronics
Review number 260,Clothing
Review number 261,Clothing
Review number 262,Food
Review number 263,Clothing
Review number 264,Food
Review number 265,Electronics
Review number 266,Electronics
Review number 267,Clothing
Review number 268,Clothing
Review number 269,Clothing
Review number 270,Electronics
Review number 271,Food
Review number 272,Electronics
Review number 273,Clothing
Review number 274,Food
Review number 275,Food
Review number 276,Clothing
Review number 277,Clothing
Review number 278,Electronics
Review number 279,Food
Review number 280,Electronics
Review number 281,Electronics
Review number 282,Food
Review number 283,Electronics
Review number 284,Clothing
Review number 285,Electronics
Review number 286,Clothing
Review number 287,Electronics
Review number 288,Electronics
Review number 289,Electronics
Review number 290,Food
Review number 291,Electronics
Review number 292,Food
Review number 293,Electronics
Review number 294,Electronics
Review number 295,Electronics
Review number 296,Food
Review number 297,Clothing
Review number 298,Clothing
Review number 299,Electronics
Review number 300,Food
Review number 301,Clothing
Review number 302,Food
Review number 303,Clothing
Review number 304,Clothing
Review number 305,Food
Review number 306,Clothing
Review number 307,Food
Review number 308,Clothing
Review number 309,Food
Review number 310,Clothing
Review number 311,Food
Review number 312,Clothing
Review number 313,Electronics
Review number 314,Electronics
Review number 315,Electronics
Review number 316,Electronics
Review number 317,Food
Review number 318,Electronics
Review number 319,Electronics
Review number 320,Clothing
Review number 321,Food
Review number 322,Clothing
Review number 323,Clothing
Review number 324,Clothing
Review number 325,Electronics
Review number 326,Food
Review number 327,Clothing
Review number 328,Food
Review number 329,Electronics
Review number 330,Electronics
Review number 331,Food
Review number 332,Clothing
Review number 333,Clothing
Review number 334,Clothing
Review number 335,Food
Review number 336,Clothing
Review number 337,Electronics
Review number 338,Clothing
Review number 339,Clothing
Review number 340,Electronics
Review number 341,Electronics
Review number 342,Electronics
Review number 343,Food
Review number 344,Food
Review number 345,Food
Review number 346,Food
Review number 347,Clothing
Review number 348,Clothing
Review number 349,Clothing
Review number 350,Electronics
Review number 351,Clothing
Review number 352,Electronics
Review number 353,Clothing
Review number 354,Clothing
Review number 355,Clothing
Review number 356,Food
Review number 357,Clothing
Review number 358,Food
Review number 359,Clothing
Review number 360,Electronics
Review number 361,Electronics
Review number 362,Clothing
Review number 363,Electronics
Review number 364,Food
Review number 365,Food
Review number 366,Electronics
Review number 367,Clothing
Review number 368,Food
Review number 369,Electronics
Review number 370,Electronics
Review number 371,Electronics
Review number 372,Food
Review number 373,Clothing
Review number 374,Food
Review number 375,Food
Review number 376,Food
Review number 377,Food
Review number 378,Electronics
Review number 379,Electronics
Review number 380,Clothing
Review number 381,Food
Review number 382,Clothing
Review number 383,Clothing
Review number 384,Food
Review number 385,Electronics
Review number 386,Food
Review number 387,Food
Review number 388,Electronics
Review number 389,Clothing
Review number 390,Electronics
Review number 391,Clothing
Review number 392,Food
Review number 393,Electronics
Review number 394,Food
Review number 395,Food
Review number 396,Food
Review number 397,Food
Review number 398,Electronics
Review number 399,Clothing
Review number 400,Electronics
Review number 401,Electronics
Review number 402,Clothing
Review number 403,Food
Review number 404,Electronics
Review number 405,Electronics
Review number 406,Clothing
Review number 407,Clothing
Review number 408,Clothing
Review number 409,Food
Review number 410,Electronics
Review number 411,Electronics
Review number 412,Electronics
Review number 413,Food
Review number 414,Clothing
Review number 415,Electronics
Review number 416,Clothing
Review number 417,Food
Review number 418,Electronics
Review number 419,Clothing
Review number 420,Clothing
Review number 421,Electronics
Review number 422,Clothing
Review number 423,Clothing
Review number 424,Food
Review number 425,Clothing
Review number 426,Electronics
Review number 427,Food
Review number 428,Food
Review number 429,Electronics
Review number 430,Food
Review number 431,Electronics
Review number 432,Food
Review number 433,Clothing
Review number 434,Electronics
Review number 435,Electronics
Review number 436,Clothing
Review number 437,Electronics
Review number 438,Food
Review number 439,Food
Review number 440,Food
Review number 441,Clothing
Review number 442,Clothing
Review number 443,Food
Review number 444,Electronics
Review number 445,Electronics
Review number 446,Clothing
Review number 447,Food
Review number 448,Electronics
Review number 449,Food
Review number 450,Food
Review number 451,Clothing
Review number 452,Food
Review number 453,Clothing
Review number 454,Food
Review number 455,Food
Review number 456,Clothing
Review number 457,Electronics
Review number 458,Clothing
Review number 459,Electronics
Review number 460,Electronics
Review number 461,Food
Review number 462,Clothing
Review number 463,Food
Review number 464,Food
Review number 465,Food
Review number 466,Food
Review number 467,Electronics
Review number 468,Food
Review number 469,Clothing
Review number 470,Electronics
Review number 471,Clothing
Review number 472,Electronics
Review number 473,Clothing
Review number 474,Food
Review number 475,Food
Review number 476,Electronics
Review number 477,Food
Review number 478,Electronics
Review number 479,Food
Review number 480,Electronics
Review number 481,Electronics
Review number 482,Food
Review number 483,Clothing
Review number 484,Electronics
Review number 485,Clothing
Review number 486,Electronics
Review number 487,Food
Review number 488,Electronics
Review number 489,Clothing
Review number 490,Food
Review number 491,Food
Review number 492,Clothing
Review number 493,Food
Review number 494,Electronics
Review number 495,Clothing
Review number 496,Food
Review number 497,Clothing
Review number 498,Food
Review number 499,Food
Review number 500,Food
Review number 501,Food
Review number 502,Electronics
Review number 503,Clothing
Review number 504,Food
Review number 505,Electronics
Review number 506,Electronics
Review number 507,Food
Review number 508,Clothing
Review number 509,Electronics
Review number 510,Clothing
Review number 511,Electronics
Review number 512,Electronics
Review number 513,Electronics
Review number 514,Food
Review number 515,Electronics
Review number 516,Food
Review number 517,Food
Review number 518,Electronics
Review number 519,Clothing
Review number 520,Food
Review number 521,Food
Review number 522,Clothing
Review number 523,Clothing
Review number 524,Clothing
Review number 525,Clothing
Review number 526,Clothing
Review number 527,Food
Review number 528,Electronics
Review number 529,Food
Review number 530,Food
Review number 531,Electronics
Review number 532,Clothing
Review number 533,Clothing
Review number 534,Clothing
Review number 535,Clothing
Review number 536,Food
Review number 537,Clothing
Review number 538,Clothing
Review number 539,Electronics
Review number 540,Electronics
Review number 541,Clothing
Review number 542,Electronics
Review number 543,Food
Review number 544,Food
Review number 545,Electronics
Review number 546,Food
Review number 547,Clothing
Review number 548,Clothing
Review number 549,Food
Review number 550,Electronics
Review number 551,Food
Review number 552,Electronics
Review number 553,Food
Review number 554,Clothing
Review number 555,Electronics
Review number 556,Clothing
Review number 557,Food
Review number 558,Electronics
Review number 559,Clothing
Review number 560,Food
Review number 561,Clothing
Review number 562,Clothing
Review number 563,Clothing
Review number 564,Clothing
Review number 565,Clothing
Review number 566,Food
Review number 567,Clothing
Review number 568,Food
Review number 569,Electronics
Review number 570,Electronics
Review number 571,Clothing
Review number 572,Clothing
Review number 573,Clothing
Review number 574,Clothing
Review number 575,Food
Review number 576,Food
Review number 577,Clothing
Review number 578,Clothing
Review number 579,Food
Review number 580,Food
Review number 581,Electronics
Review number 582,Clothing
Review number 583,Food
Review number 584,Food
Review number 585,Clothing
Review number 586,Food
Review number 587,Food
Review number 588,Clothing
Review number 589,Electronics
Review number 590,Food
Review number 591,Electronics
Review number 592,Electronics
Review number 593,Clothing
Review number 594,Clothing
Review number 595,Food
Review number 596,Food
Review number 597,Electronics
Review number 598,Food
Review number 599,Clothing
Review number 600,Electronics
Review number 601,Food
Review number 602,Food
Review number 603,Electronics
Review number 604,Food
Review number 605,Electronics
Review number 606,Food
Review number 607,Food
Review number 608,Clothing
Review number 609,Food
Review number 610,Electronics
Review number 611,Electronics
Review number 612,Electronics
Review number 613,Clothing
Review number 614,Food
Review number 615,Food
Review number 616,Food
Review number 617,Electronics
Review number 618,Clothing
Review number 619,Electronics
Review number 620,Clothing
Review number 621,Electronics
Review number 622,Clothing
Review number 623,Food
Review number 624,Food
Review number 625,Food
Review number 626,Clothing
Review number 627,Electronics
Review number 628,Clothing
Review number 629,Electronics
Review number 630,Food
Review number 631,Food
Review number 632,Clothing
Review number 633,Clothing
Review number 634,Clothing
Review number 635,Electronics
Review number 636,Electronics
Review number 637,Food
Review number 638,Food
Review number 639,Electronics
Review number 640,Food
Review number 641,Food
Review number 642,Electronics
Review number 643,Electronics
Review number 644,Electronics
Review number 645,Clothing
Review number 646,Clothing
Review number 647,Electronics
Review number 648,Clothing
Review number 649,Food
Review number 650,Food
Review number 651,Electronics
Review number 652,Clothing
Review number 653,Food
Review number 654,Food
Review number 655,Food
Review number 656,Clothing
Review number 657,Food
Review number 658,Electronics
Review number 659,Clothing
Review number 660,Food
Review number 661,Food
Review number 662,Electronics
Review number 663,Electronics
Review number 664,Electronics
Review number 665,Clothing
Review number 666,Food
Review number 667,Clothing
Review number 668,Electronics
Review number 669,Electronics
Review number 670,Food
Review number 671,Food
Review number 672,Electronics
Review number 673,Electronics
Review number 674,Clothing
Review number 675,Food
Review number 676,Electronics
Review number 677,Electronics
Review number 678,Clothing
Review number 679,Food
Review number 680,Electronics
Review number 681,Food
Review number 682,Electronics
Review number 683,Electronics
Review number 684,Clothing
Review number 685,Clothing
Review number 686,Clothing
Review number 687,Electronics
Review number 688,Food
Review number 689,Food
Review number 690,Clothing
Review number 691,Food
Review number 692,Food
Review number 693,Electronics
Review number 694,Electronics
Review number 695,Food
Review number 696,Clothing
Review number 697,Clothing
Review number 698,Clothing
Review number 699,Electronics
Review number 700,Clothing
Review number 701,Electronics
Review number 702,Clothing
Review number 703,Clothing
Review number 704,Clothing
Review number 705,Clothing
Review number 706,Clothing
Review number 707,Food
Review number 708,Food
Review number 709,Food
Review number 710,Food
Review number 711,Food
Review number 712,Food
Review number 713,Electronics
Review number 714,Food
Review number 715,Electronics
Review number 716,Clothing
Review number 717,Clothing
Review number 718,Food
Review number 719,Food
Review number 720,Food
Review number 721,Food
Review number 722,Clothing
Review number 723,Food
Review number 724,Food
Review number 725,Electronics
Review number 726,Clothing
Review number 727,Clothing
Review number 728,Electronics
Review number 729,Food
Review number 730,Food
Review number 731,Food
Review number 732,Clothing
Review number 733,Electronics
Review number 734,Electronics
Review number 735,Food
Review number 736,Clothing
Review number 737,Clothing
Review number 738,Food
Review number 739,Electronics
Review number 740,Electronics
Review number 741,Electronics
Review number 742,Clothing
Review number 743,Electronics
Review number 744,Food
Review number 745,Clothing
Review number 746,Food
Review number 747,Electronics
Review number 748,Clothing
Review number 749,Food
Review number 750,Clothing
Review number 751,Food
Review number 752,Food
Review number 753,Clothing
Review number 754,Clothing
Review number 755,Electronics
Review number 756,Clothing
Review number 757,Electronics
Review number 758,Food
Review number 759,Clothing
Review number 760,Electronics
Review number 761,Food
Review number 762,Electronics
Review number 763,Electronics
Review number 764,Food
Review number 765,Clothing
Review number 766,Electronics
Review number 767,Clothing
Review number 768,Clothing
Review number 769,Food
Review number 770,Electronics
Review number 771,Electronics
Review number 772,Food
Review number 773,Clothing
Review number 774,Clothing
Review number 775,Electronics
Review number 776,Food
Review number 777,Clothing
Review number 778,Electronics
Review number 779,Clothing
Review number 780,Clothing
Review number 781,Electronics
Review number 782,Food
Review number 783,Clothing
Review number 784,Clothing
Review number 785,Electronics
Review number 786,Food
Review number 787,Electronics
Review number 788,Clothing
Review number 789,Food
Review number 790,Clothing
Review number 791,Food
Review number 792,Electronics
Review number 793,Electronics
Review number 794,Clothing
Review number 795,Food
Review number 796,Clothing
Review number 797,Electronics
Review number 798,Electronics
Review number 799,Clothing
Review number 800,Electronics
Review number 801,Food
Review number 802,Food
Review number 803,Food
Review number 804,Food
Review number 805,Food
Review number 806,Electronics
Review number 807,Clothing
Review number 808,Food
Review number 809,Clothing
Review number 810,Clothing
Review number 811,Electronics
Review number 812,Electronics
Review number 813,Food
Review number 814,Food
Review number 815,Clothing
Review number 816,Electronics
Review number 817,Electronics
Review number 818,Food
Review number 819,Clothing
Review number 820,Clothing
Review number 821,Food
Review number 822,Food
Review number 823,Food
Review number 824,Electronics
Review number 825,Clothing
Review number 826,Clothing
Review number 827,Food
Review number 828,Food
Review number 829,Electronics
Review number 830,Food
Review number 831,Food
Review number 832,Clothing
Review number 833,Food
Review number 834,Clothing
Review number 835,Food
Review number 836,Food
Review number 837,Electronics
Review number 838,Food
Review number 839,Clothing
Review number 840,Electronics
Review number 841,Clothing
Review number 842,Clothing
Review number 843,Food
Review number 844,Electronics
Review number 845,Food
Review number 846,Clothing
Review number 847,Electronics
Review number 848,Clothing
Review number 849,Clothing
Review number 850,Electronics
Review number 851,Electronics
Review number 852,Food
Review number 853,Electronics
Review number 854,Electronics
Review number 855,Food
Review number 856,Electronics
Review number 857,Electronics
Review number 858,Clothing
Review number 859,Food
Review number 860,Electronics
Review number 861,Electronics
Review number 862,Food
Review number 863,Electronics
Review number 864,Electronics
Review number 865,Clothing
Review number 866,Clothing
Review number 867,Food
Review number 868,Clothing
Review number 869,Electronics
Review number 870,Electronics
Review number 871,Electronics
Review number 872,Food
Review number 873,Electronics
Review number 874,Electronics
Review number 875,Clothing
Review number 876,Clothing
Review number 877,Electronics
Review number 878,Electronics
Review number 879,Electronics
Review number 880,Clothing
Review number 881,Food
Review number 882,Food
Review number 883,Food
Review number 884,Clothing
Review number 885,Clothing
Review number 886,Food
Review number 887,Clothing
Review number 888,Clothing
Review number 889,Clothing
Review number 890,Food
Review number 891,Clothing
Review number 892,Food
Review number 893,Electronics
Review number 894,Electronics
Review number 895,Electronics
Review number 896,Food
Review number 897,Food
Review number 898,Clothing
Review number 899,Food
Review number 900,Food
Review number 901,Clothing
Review number 902,Clothing
Review number 903,Food
Review number 904,Food
Review number 905,Electronics
Review number 906,Electronics
Review number 907,Clothing
Review number 908,Food
Review number 909,Electronics
Review number 910,Food
Review number 911,Electronics
Review number 912,Clothing
Review number 913,Electronics
Review number 914,Electronics
Review number 915,Clothing
Review number 916,Clothing
Review number 917,Food
Review number 918,Food
Review number 919,Food
Review number 920,Clothing
Review number 921,Electronics
Review number 922,Clothing
Review number 923,Clothing
Review number 924,Electronics
Review number 925,Clothing
Review number 926,Electronics
Review number 927,Electronics
Review number 928,Electronics
Review number 929,Food
Review number 930,Electronics
Review number 931,Electronics
Review number 932,Electronics
Review number 933,Clothing
Review number 934,Food
Review number 935,Food
Review number 936,Food
Review number 937,Food
Review number 938,Electronics
Review number 939,Electronics
Review number 940,Clothing
Review number 941,Food
Review number 942,Electronics
Review number 943,Electronics
Review number 944,Food
Review number 945,Food
Review number 946,Food
Review number 947,Food
Review number 948,Electronics
Review number 949,Food
Review number 950,Clothing
Review number 951,Food
Review number 952,Food
Review number 953,Food
Review number 954,Food
Review number 955,Clothing
Review number 956,Electronics
Review number 957,Clothing
Review number 958,Food
Review number 959,Electronics
Review number 960,Food
Review number 961,Electronics
Review number 962,Electronics
Review number 963,Electronics
Review number 964,Food
Review number 965,Food
Review number 966,Electronics
Review number 967,Clothing
Review number 968,Food
Review number 969,Electronics
Review number 970,Clothing
Review number 971,Electronics
Review number 972,Food
Review number 973,Electronics
Review number 974,Food
Review number 975,Food
Review number 976,Food
Review number 977,Clothing
Review number 978,Electronics
Review number 979,Clothing
Review number 980,Clothing
Review number 981,Food
Review number 982,Clothing
Review number 983,Food
Review number 984,Electronics
Review number 985,Clothing
Review number 986,Food
Review number 987,Electronics
Review number 988,Clothing
Review number 989,Electronics
Review number 990,Food
Review number 991,Electronics
Review number 992,Food
Review number 993,Food
Review number 994,Food
Review number 995,Electronics
Review number 996,Clothing
Review number 997,Food
Review number 998,Electronics
Review number 999,Food
Review number 1000,Clothing
